<coordinator-app name="${oozie_coordinator_name}"
                 frequency="${coord:days(1)}"
                 start="${oozie_coordinator_start_date}"
                 end="${oozie_coordinator_end_date}"
                 timezone="Europe/Paris"
                 xmlns="uri:oozie:coordinator:0.4">
    <controls>
        <timeout>${oozie_coord_timeout}</timeout>
        <concurrency>${oozie_coord_concurrency}</concurrency>
    </controls>

    <action>
        <workflow>
            <app-path>${oozie_workflow_path}</app-path>
            <configuration>
                <property>
                    <name>situationDate</name>
                    <value>${coord:formatTime(coord:nominalTime(), "yyyyMMdd")}</value>
                </property>
                <property>
                    <name>date</name>
                    <value>${coord:formatTime(coord:nominalTime(), "yyyy-MM-dd")}</value>
                </property>
                <property>
                    <name>actualStartTime</name>
                    <value>${coord:formatTime(coord:actualTime(), "yyyy-MM-dd HH:mm")}</value>
                </property>
                <property>
                    <name>expectedStartTime</name>
                    <value>${coord:formatTime(coord:nominalTime(), "yyyy-MM-dd HH:mm")}</value>
                </property>
            </configuration>
        </workflow>
    </action>
</coordinator-app>
