<workflow-app name="${oozie_workflow_name}"
              xmlns="uri:oozie:workflow:0.5" >

    <global>
        <job-tracker>${oozie_job_tracker}</job-tracker>
        <name-node>${oozie_name_node}</name-node>
        <configuration>
            <property>
                <name>mapreduce.job.queuename</name>
                <value>${oozie_launcher_queue}</value>
            </property>
            <property>
                <name>oozie.launcher.mapred.job.queue.name</name>
                <value>${oozie_launcher_queue}</value>
            </property>
            <property>
                <name>tez.queue.name</name>
                <value>${oozie_launcher_queue}</value>
            </property>
            <property>
                <name>oozie.launcher.mapreduce.map.memory.mb</name>
                <value>512</value>
            </property>
            <property>
                <name>oozie.launcher.yarn.app.mapreduce.am.resource.mb</name>
                <value>512</value>
            </property>
            <property>
                <name>oozie.launcher.mapreduce.map.java.opts</name>
                <value>-Xmx512m</value>
            </property>
            <property>
                <name>oozie.launcher.yarn.app.mapreduce.am.command-opts</name>
                <value>-Xmx512m</value>
            </property>
        </configuration>
    </global>

    <credentials>
        <credential name="hcatauth" type="hcat">
            <property>
                <name>hcat.metastore.uri</name>
                <value>${hcat_metastore_uri}</value>
            </property>
            <property>
                <name>hcat.metastore.principal</name>
                <value>${hcat_metastore_principal}</value>
            </property>
        </credential>
    </credentials>

    <start to="fork_node1"/>

    <fork name = "fork_node1">
        <path start = "submit-DimCapitalisticGroupGoaTask"/>
        <path start = "submit-DimCapitalisticSubgroupGoaTask"/>
        <path start = "submit-DimCompanyNameTask"/>
        <path start = "submit-DimCountryGoaTask"/>
        <path start = "submit-DimCreditRiskTypeGoaTask"/>
        <path start = "submit-DimCrtGoaTask"/>
        <path start = "submit-DimEntityStructTask"/>
        <path start = "submit-DimFrenchActivitiesNomenclatureGoaTask"/>
        <path start = "submit-DimMonitoringTask"/>
        <path start = "submit-DimRefPcruGoaTask"/>
        <path start = "submit-DimProductTask"/>

    </fork>

    <action name="submit-DimCapitalisticGroupGoaTask" cred="hcatauth">
        <spark xmlns="uri:oozie:spark-action:0.2">
            <master>yarn-cluster</master>
            <name>GOA-UV_Dimensions-DimCapitalisticGroupTask-${datalake_env}</name>
            <class>com.socgen.cft.ars.mcr.datalake.uv.dimensions.RunUVGoaDimensionsTask</class>
            <jar>${spark_jar_path}</jar>
            <spark-opts>
                --queue ${spark_yarn_queue}
                --executor-memory ${spark_executor_memory}
                --num-executors ${spark_num_executors}
                --executor-cores ${spark_executor_cores}
                --driver-memory ${spark_driver_memory}
                --conf spark.driver.maxResultSize=${spark_driver_max_result_size}
                --conf spark.driver.extraJavaOptions="-Dconfig.file=application.conf"
                --conf spark.executor.extraJavaOptions="-Dconfig.file=application.conf"
                --conf spark.yarn.historyServer.address=${spark_yarn_historyserver_address}
                --conf spark.eventLog.dir=hdfs:///user/spark/applicationHistory
                --conf spark.eventLog.enabled=true
            </spark-opts>
            <arg>--tasks=DimCapitalisticGroupGoaTask</arg>
            <file>${artifact_config_file}</file>
        </spark>
        <ok to="joining1"/>
        <error to="joining1"/>
    </action>
    <action name="submit-DimCapitalisticSubgroupGoaTask" cred="hcatauth">
        <spark xmlns="uri:oozie:spark-action:0.2">
            <master>yarn</master>
            <mode>cluster</mode>
            <name>GOA-UV_Dimensions-DimCapitalisticSubgroupTask-${datalake_env}</name>
            <class>com.socgen.cft.ars.mcr.datalake.uv.dimensions.RunUVGoaDimensionsTask</class>
            <jar>${spark_jar_path}</jar>
            <spark-opts>
                --queue ${spark_yarn_queue}
                --executor-memory ${spark_executor_memory}
                --num-executors ${spark_num_executors}
                --executor-cores ${spark_executor_cores}
                --driver-memory ${spark_driver_memory}
                --conf spark.driver.maxResultSize=${spark_driver_max_result_size}
                --conf spark.driver.extraJavaOptions="-Dconfig.file=application.conf"
                --conf spark.executor.extraJavaOptions="-Dconfig.file=application.conf"
                --conf spark.yarn.historyServer.address=${spark_yarn_historyserver_address}
                --conf spark.eventLog.dir=hdfs:///user/spark/applicationHistory
                --conf spark.eventLog.enabled=true
            </spark-opts>
            <arg>--tasks=DimCapitalisticSubgroupGoaTask</arg>
            <file>${artifact_config_file}</file>
        </spark>
        <ok to="joining1"/>
        <error to="joining1"/>
    </action>
    <action name="submit-DimCompanyNameTask" cred="hcatauth">
        <spark xmlns="uri:oozie:spark-action:0.2">
            <master>yarn</master>
            <mode>cluster</mode>
            <name>GOA-UV_Dimensions-DimCompanyNameTask-${datalake_env}</name>
            <class>com.socgen.cft.ars.mcr.datalake.uv.dimensions.RunUVGoaDimensionsTask</class>
            <jar>${spark_jar_path}</jar>
            <spark-opts>
                --queue ${spark_yarn_queue}
                --executor-memory ${spark_executor_memory}
                --num-executors ${spark_num_executors}
                --executor-cores ${spark_executor_cores}
                --driver-memory ${spark_driver_memory}
                --conf spark.driver.maxResultSize=${spark_driver_max_result_size}
                --conf spark.driver.extraJavaOptions="-Dconfig.file=application.conf"
                --conf spark.executor.extraJavaOptions="-Dconfig.file=application.conf"
                --conf spark.yarn.historyServer.address=${spark_yarn_historyserver_address}
                --conf spark.eventLog.dir=hdfs:///user/spark/applicationHistory
                --conf spark.eventLog.enabled=true
            </spark-opts>
            <arg>--tasks=DimCompanyNameGoaTask </arg>
            <file>${artifact_config_file}</file>
        </spark>
        <ok to="joining1"/>
        <error to="joining1"/>
    </action>
    <action name="submit-DimCountryGoaTask" cred="hcatauth">
        <spark xmlns="uri:oozie:spark-action:0.2">
            <master>yarn</master>
            <mode>cluster</mode>
            <name>GOA-UV_Dimensions-DimCountryTask-${datalake_env}</name>
            <class>com.socgen.cft.ars.mcr.datalake.uv.dimensions.RunUVGoaDimensionsTask</class>
            <jar>${spark_jar_path}</jar>
            <spark-opts>
                --queue ${spark_yarn_queue}
                --executor-memory ${spark_executor_memory}
                --num-executors ${spark_num_executors}
                --executor-cores ${spark_executor_cores}
                --driver-memory ${spark_driver_memory}
                --conf spark.driver.maxResultSize=${spark_driver_max_result_size}
                --conf spark.driver.extraJavaOptions="-Dconfig.file=application.conf"
                --conf spark.executor.extraJavaOptions="-Dconfig.file=application.conf"
                --conf spark.yarn.historyServer.address=${spark_yarn_historyserver_address}
                --conf spark.eventLog.dir=hdfs:///user/spark/applicationHistory
                --conf spark.eventLog.enabled=true
            </spark-opts>
            <arg>--tasks=DimCountryGoaTask </arg>
            <file>${artifact_config_file}</file>
        </spark>
        <ok to="joining1"/>
        <error to="joining1"/>
    </action>
    <action name="submit-DimCreditRiskTypeGoaTask" cred="hcatauth">
        <spark xmlns="uri:oozie:spark-action:0.2">
            <master>yarn</master>
            <mode>cluster</mode>
            <name>GOA-UV_Dimensions-DimCreditRiskType-${datalake_env}</name>
            <class>com.socgen.cft.ars.mcr.datalake.uv.dimensions.RunUVGoaDimensionsTask</class>
            <jar>${spark_jar_path}</jar>
            <spark-opts>
                --queue ${spark_yarn_queue}
                --executor-memory ${spark_executor_memory}
                --num-executors ${spark_num_executors}
                --executor-cores ${spark_executor_cores}
                --driver-memory ${spark_driver_memory}
                --conf spark.driver.maxResultSize=${spark_driver_max_result_size}
                --conf spark.driver.extraJavaOptions="-Dconfig.file=application.conf"
                --conf spark.executor.extraJavaOptions="-Dconfig.file=application.conf"
                --conf spark.yarn.historyServer.address=${spark_yarn_historyserver_address}
                --conf spark.eventLog.dir=hdfs:///user/spark/applicationHistory
                --conf spark.eventLog.enabled=true
            </spark-opts>
            <arg>--tasks=DimCreditRiskTypeGoaTask</arg>
            <file>${artifact_config_file}</file>
        </spark>
        <ok to="joining1"/>
        <error to="joining1"/>
    </action>
    <action name="submit-DimCrtGoaTask" cred="hcatauth">
        <spark xmlns="uri:oozie:spark-action:0.2">
            <master>yarn</master>
            <mode>cluster</mode>
            <name>GOA-UV_Dimensions-DimCrtTask-${datalake_env}</name>
            <class>com.socgen.cft.ars.mcr.datalake.uv.dimensions.RunUVGoaDimensionsTask</class>
            <jar>${spark_jar_path}</jar>
            <spark-opts>
                --queue ${spark_yarn_queue}
                --executor-memory ${spark_executor_memory}
                --num-executors ${spark_num_executors}
                --executor-cores ${spark_executor_cores}
                --driver-memory ${spark_driver_memory}
                --conf spark.driver.maxResultSize=${spark_driver_max_result_size}
                --conf spark.driver.extraJavaOptions="-Dconfig.file=application.conf"
                --conf spark.executor.extraJavaOptions="-Dconfig.file=application.conf"
                --conf spark.yarn.historyServer.address=${spark_yarn_historyserver_address}
                --conf spark.eventLog.dir=hdfs:///user/spark/applicationHistory
                --conf spark.eventLog.enabled=true
            </spark-opts>
            <arg>--tasks=DimCrtGoaTask</arg>
            <file>${artifact_config_file}</file>
        </spark>
        <ok to="joining1"/>
        <error to="joining1"/>
    </action>
    <action name="submit-DimEntityStructTask" cred="hcatauth">
        <spark xmlns="uri:oozie:spark-action:0.2">
            <master>yarn</master>
            <mode>cluster</mode>
            <name>GOA-UV_Dimensions-DimEntityStruct-${datalake_env}</name>
            <class>com.socgen.cft.ars.mcr.datalake.uv.dimensions.RunUVGoaDimensionsTask</class>
            <jar>${spark_jar_path}</jar>
            <spark-opts>
                --queue ${spark_yarn_queue}
                --executor-memory ${spark_executor_memory}
                --num-executors ${spark_num_executors}
                --executor-cores ${spark_executor_cores}
                --driver-memory ${spark_driver_memory}
                --conf spark.driver.maxResultSize=${spark_driver_max_result_size}
                --conf spark.driver.extraJavaOptions="-Dconfig.file=application.conf"
                --conf spark.executor.extraJavaOptions="-Dconfig.file=application.conf"
                --conf spark.yarn.historyServer.address=${spark_yarn_historyserver_address}
                --conf spark.eventLog.dir=hdfs:///user/spark/applicationHistory
                --conf spark.eventLog.enabled=true
            </spark-opts>
            <arg>--tasks=DimEntityStructGoaTask</arg>
            <file>${artifact_config_file}</file>
        </spark>
        <ok to="joining1"/>
        <error to="joining1"/>
    </action>
    <action name="submit-DimFrenchActivitiesNomenclatureGoaTask" cred="hcatauth">
        <spark xmlns="uri:oozie:spark-action:0.2">
            <master>yarn</master>
            <mode>cluster</mode>
            <name>GOA-UV_Dimensions-DimFrenchActivitiesNomenclatureTask-${datalake_env}</name>
            <class>com.socgen.cft.ars.mcr.datalake.uv.dimensions.RunUVGoaDimensionsTask</class>
            <jar>${spark_jar_path}</jar>
            <spark-opts>
                --queue ${spark_yarn_queue}
                --executor-memory ${spark_executor_memory}
                --num-executors ${spark_num_executors}
                --executor-cores ${spark_executor_cores}
                --driver-memory ${spark_driver_memory}
                --conf spark.driver.maxResultSize=${spark_driver_max_result_size}
                --conf spark.driver.extraJavaOptions="-Dconfig.file=application.conf"
                --conf spark.executor.extraJavaOptions="-Dconfig.file=application.conf"
                --conf spark.yarn.historyServer.address=${spark_yarn_historyserver_address}
                --conf spark.eventLog.dir=hdfs:///user/spark/applicationHistory
                --conf spark.eventLog.enabled=true
            </spark-opts>
            <arg>--tasks=DimFrenchActivitiesNomenclatureGoaTask</arg>
            <file>${artifact_config_file}</file>
        </spark>
        <ok to="joining1"/>
        <error to="joining1"/>
    </action>
    <action name="submit-DimMonitoringTask" cred="hcatauth">
        <spark xmlns="uri:oozie:spark-action:0.2">
            <master>yarn</master>
            <mode>cluster</mode>
            <name>GOA-UV_Dimensions-DimMonitoringTask-${datalake_env}</name>
            <class>com.socgen.cft.ars.mcr.datalake.uv.dimensions.RunUVGoaDimensionsTask</class>
            <jar>${spark_jar_path}</jar>
            <spark-opts>
                --queue ${spark_yarn_queue}
                --executor-memory ${spark_executor_memory}
                --num-executors ${spark_num_executors}
                --executor-cores ${spark_executor_cores}
                --driver-memory ${spark_driver_memory}
                --conf spark.driver.maxResultSize=${spark_driver_max_result_size}
                --conf spark.driver.extraJavaOptions="-Dconfig.file=application.conf"
                --conf spark.executor.extraJavaOptions="-Dconfig.file=application.conf"
                --conf spark.yarn.historyServer.address=${spark_yarn_historyserver_address}
                --conf spark.eventLog.dir=hdfs:///user/spark/applicationHistory
                --conf spark.eventLog.enabled=true
            </spark-opts>
            <arg>--tasks=DimMonitoringGoaTask</arg>
            <file>${artifact_config_file}</file>
        </spark>
        <ok to="joining1"/>
        <error to="joining1"/>
    </action>

    <action name="submit-DimRefPcruGoaTask" cred="hcatauth">
        <spark xmlns="uri:oozie:spark-action:0.2">
            <master>yarn</master>
            <mode>cluster</mode>
            <name>GOA-UV_Dimensions-DimRefPcruTask-${datalake_env}</name>
            <class>com.socgen.cft.ars.mcr.datalake.uv.dimensions.RunUVGoaDimensionsTask</class>
            <jar>${spark_jar_path}</jar>
            <spark-opts>
                --queue ${spark_yarn_queue}
                --executor-memory ${spark_executor_memory}
                --num-executors ${spark_num_executors}
                --executor-cores ${spark_executor_cores}
                --driver-memory ${spark_driver_memory}
                --conf spark.driver.maxResultSize=${spark_driver_max_result_size}
                --conf spark.driver.extraJavaOptions="-Dconfig.file=application.conf"
                --conf spark.executor.extraJavaOptions="-Dconfig.file=application.conf"
                --conf spark.yarn.historyServer.address=${spark_yarn_historyserver_address}
                --conf spark.eventLog.dir=hdfs:///user/spark/applicationHistory
                --conf spark.eventLog.enabled=true
            </spark-opts>
            <arg>--tasks=DimRefPcruGoaTask</arg>
            <file>${artifact_config_file}</file>
        </spark>
        <ok to="joining1"/>
        <error to="joining1"/>
    </action>

    <action name="submit-DimProductTask" cred="hcatauth">
        <spark xmlns="uri:oozie:spark-action:0.2">
            <master>yarn</master>
            <mode>cluster</mode>
            <name>GOA-UV_Dimensions-DimProductTask-${datalake_env}</name>
            <class>com.socgen.cft.ars.mcr.datalake.uv.dimensions.RunUVGoaDimensionsTask</class>
            <jar>${spark_jar_path}</jar>
            <spark-opts>
                --queue ${spark_yarn_queue}
                --executor-memory ${spark_executor_memory}
                --num-executors ${spark_num_executors}
                --executor-cores ${spark_executor_cores}
                --driver-memory ${spark_driver_memory}
                --conf spark.driver.maxResultSize=${spark_driver_max_result_size}
                --conf spark.driver.extraJavaOptions="-Dconfig.file=application.conf"
                --conf spark.executor.extraJavaOptions="-Dconfig.file=application.conf"
                --conf spark.yarn.historyServer.address=${spark_yarn_historyserver_address}
                --conf spark.eventLog.dir=hdfs:///user/spark/applicationHistory
                --conf spark.eventLog.enabled=true
            </spark-opts>
            <arg>--tasks=DimProductGoaTask</arg>
            <file>${artifact_config_file}</file>
        </spark>
        <ok to="joining1"/>
        <error to="joining1"/>
    </action>

    <join name="joining1" to="decision-fork_node2"/>
    <decision name="decision-fork_node2">
        <switch>
            <case to="fork_node2">${firstNotNull(wf:lastErrorNode(), 'OK') eq 'OK'}</case>
            <default to="send-email-fail"/>
        </switch>
    </decision>

    <fork name="fork_node2">
        <path start="submit-DimMarketSegmentGoaTask"/>
        <path start="submit-DimBaselPortfolioGoaTask"/>
        <path start="submit-DimEntryDefaultCauseGoaTask"/>
        <path start="submit-DimExitDefaultCriteriaGoaTask"/>
        <path start="submit-DimPneJustificationGoaTask"/>
        <path start="submit-DimProductFamilyGroupingGoaTask"/>
        <path start="submit-DimRatingProcessGoaTask"/>
        <path start="submit-DimRegulatoryThirdPartyCategoryGoaTask"/>
        <path start="submit-DimStructLinkGoaTask"/>
        <path start="submit-DimTypeSureteGoaTask"/>
    </fork>

    <action name="submit-DimMarketSegmentGoaTask" cred="hcatauth">
        <spark xmlns="uri:oozie:spark-action:0.2">
            <master>yarn</master>
            <mode>cluster</mode>
            <name>GOA-UV_Dimensions-DimMarketSegmentTask-${datalake_env}</name>
            <class>com.socgen.cft.ars.mcr.datalake.uv.dimensions.RunUVGoaDimensionsTask</class>
            <jar>${spark_jar_path}</jar>
            <spark-opts>
                --queue ${spark_yarn_queue}
                --executor-memory ${spark_executor_memory}
                --num-executors ${spark_num_executors}
                --executor-cores ${spark_executor_cores}
                --driver-memory ${spark_driver_memory}
                --conf spark.driver.maxResultSize=${spark_driver_max_result_size}
                --conf spark.driver.extraJavaOptions="-Dconfig.file=application.conf"
                --conf spark.executor.extraJavaOptions="-Dconfig.file=application.conf"
                --conf spark.yarn.historyServer.address=${spark_yarn_historyserver_address}
                --conf spark.eventLog.dir=hdfs:///user/spark/applicationHistory
                --conf spark.eventLog.enabled=true
            </spark-opts>
            <arg>--tasks=DimMarketSegmentGoaTask</arg>
            <file>${artifact_config_file}</file>
        </spark>
        <ok to="joining2"/>
        <error to="joining2"/>
    </action>

    <action name="submit-DimBaselPortfolioGoaTask" cred="hcatauth">
        <spark xmlns="uri:oozie:spark-action:0.2">
            <master>yarn</master>
            <mode>cluster</mode>
            <name>GOA-UV_Dimensions-DimBaselPortfolioTask-${datalake_env}</name>
            <class>com.socgen.cft.ars.mcr.datalake.uv.dimensions.RunUVGoaDimensionsTask</class>
            <jar>${spark_jar_path}</jar>
            <spark-opts>
                --queue ${spark_yarn_queue}
                --executor-memory ${spark_executor_memory}
                --num-executors ${spark_num_executors}
                --executor-cores ${spark_executor_cores}
                --driver-memory ${spark_driver_memory}
                --conf spark.driver.maxResultSize=${spark_driver_max_result_size}
                --conf spark.driver.extraJavaOptions="-Dconfig.file=application.conf"
                --conf spark.executor.extraJavaOptions="-Dconfig.file=application.conf"
                --conf spark.yarn.historyServer.address=${spark_yarn_historyserver_address}
                --conf spark.eventLog.dir=hdfs:///user/spark/applicationHistory
                --conf spark.eventLog.enabled=true
            </spark-opts>
            <arg>--tasks=DimBaselPortfolioGoaTask</arg>
            <file>${artifact_config_file}</file>
        </spark>
        <ok to="joining2"/>
        <error to="joining2"/>
    </action>

    <action name="submit-DimEntryDefaultCauseGoaTask" cred="hcatauth">
        <spark xmlns="uri:oozie:spark-action:0.2">
            <master>yarn</master>
            <mode>cluster</mode>
            <name>GOA-UV_Dimensions-DimEntryDefaultCauseTask-${datalake_env}</name>
            <class>com.socgen.cft.ars.mcr.datalake.uv.dimensions.RunUVGoaDimensionsTask</class>
            <jar>${spark_jar_path}</jar>
            <spark-opts>
                --queue ${spark_yarn_queue}
                --executor-memory ${spark_executor_memory}
                --num-executors ${spark_num_executors}
                --executor-cores ${spark_executor_cores}
                --driver-memory ${spark_driver_memory}
                --conf spark.driver.maxResultSize=${spark_driver_max_result_size}
                --conf spark.driver.extraJavaOptions="-Dconfig.file=application.conf"
                --conf spark.executor.extraJavaOptions="-Dconfig.file=application.conf"
                --conf spark.yarn.historyServer.address=${spark_yarn_historyserver_address}
                --conf spark.eventLog.dir=hdfs:///user/spark/applicationHistory
                --conf spark.eventLog.enabled=true
            </spark-opts>
            <arg>--tasks=DimEntryDefaultCauseGoaTask</arg>
            <file>${artifact_config_file}</file>
        </spark>
        <ok to="joining2"/>
        <error to="joining2"/>
    </action>

    <action name="submit-DimExitDefaultCriteriaGoaTask" cred="hcatauth">
        <spark xmlns="uri:oozie:spark-action:0.2">
            <master>yarn</master>
            <mode>cluster</mode>
            <name>GOA-UV_Dimensions-DimExitDefaultCriteriaTask-${datalake_env}</name>
            <class>com.socgen.cft.ars.mcr.datalake.uv.dimensions.RunUVGoaDimensionsTask</class>
            <jar>${spark_jar_path}</jar>
            <spark-opts>
                --queue ${spark_yarn_queue}
                --executor-memory ${spark_executor_memory}
                --num-executors ${spark_num_executors}
                --executor-cores ${spark_executor_cores}
                --driver-memory ${spark_driver_memory}
                --conf spark.driver.maxResultSize=${spark_driver_max_result_size}
                --conf spark.driver.extraJavaOptions="-Dconfig.file=application.conf"
                --conf spark.executor.extraJavaOptions="-Dconfig.file=application.conf"
                --conf spark.yarn.historyServer.address=${spark_yarn_historyserver_address}
                --conf spark.eventLog.dir=hdfs:///user/spark/applicationHistory
                --conf spark.eventLog.enabled=true
            </spark-opts>
            <arg>--tasks=DimExitDefaultCriteriaGoaTask</arg>
            <file>${artifact_config_file}</file>
        </spark>
        <ok to="joining2"/>
        <error to="joining2"/>
    </action>

    <action name="submit-DimPneJustificationGoaTask" cred="hcatauth">
        <spark xmlns="uri:oozie:spark-action:0.2">
            <master>yarn</master>
            <mode>cluster</mode>
            <name>GOA-UV_Dimensions-DimPneJustificationTask-${datalake_env}</name>
            <class>com.socgen.cft.ars.mcr.datalake.uv.dimensions.RunUVGoaDimensionsTask</class>
            <jar>${spark_jar_path}</jar>
            <spark-opts>
                --queue ${spark_yarn_queue}
                --executor-memory ${spark_executor_memory}
                --num-executors ${spark_num_executors}
                --executor-cores ${spark_executor_cores}
                --driver-memory ${spark_driver_memory}
                --conf spark.driver.maxResultSize=${spark_driver_max_result_size}
                --conf spark.driver.extraJavaOptions="-Dconfig.file=application.conf"
                --conf spark.executor.extraJavaOptions="-Dconfig.file=application.conf"
                --conf spark.yarn.historyServer.address=${spark_yarn_historyserver_address}
                --conf spark.eventLog.dir=hdfs:///user/spark/applicationHistory
                --conf spark.eventLog.enabled=true
            </spark-opts>
            <arg>--tasks=DimPneJustificationGoaTask</arg>
            <file>${artifact_config_file}</file>
        </spark>
        <ok to="joining2"/>
        <error to="joining2"/>
    </action>

    <action name="submit-DimProductFamilyGroupingGoaTask" cred="hcatauth">
        <spark xmlns="uri:oozie:spark-action:0.2">
            <master>yarn</master>
            <mode>cluster</mode>
            <name>GOA-UV_Dimensions-DimProductFamilyGroupingTask-${datalake_env}</name>
            <class>com.socgen.cft.ars.mcr.datalake.uv.dimensions.RunUVGoaDimensionsTask</class>
            <jar>${spark_jar_path}</jar>
            <spark-opts>
                --queue ${spark_yarn_queue}
                --executor-memory ${spark_executor_memory}
                --num-executors ${spark_num_executors}
                --executor-cores ${spark_executor_cores}
                --driver-memory ${spark_driver_memory}
                --conf spark.driver.maxResultSize=${spark_driver_max_result_size}
                --conf spark.driver.extraJavaOptions="-Dconfig.file=application.conf"
                --conf spark.executor.extraJavaOptions="-Dconfig.file=application.conf"
                --conf spark.yarn.historyServer.address=${spark_yarn_historyserver_address}
                --conf spark.eventLog.dir=hdfs:///user/spark/applicationHistory
                --conf spark.eventLog.enabled=true
            </spark-opts>
            <arg>--tasks=DimProductFamilyGroupingGoaTask</arg>
            <file>${artifact_config_file}</file>
        </spark>
        <ok to="joining2"/>
        <error to="joining2"/>
    </action>

    <action name="submit-DimRatingProcessGoaTask" cred="hcatauth">
        <spark xmlns="uri:oozie:spark-action:0.2">
            <master>yarn</master>
            <mode>cluster</mode>
            <name>GOA-UV_Dimensions-DimRatingProcessTask-${datalake_env}</name>
            <class>com.socgen.cft.ars.mcr.datalake.uv.dimensions.RunUVGoaDimensionsTask</class>
            <jar>${spark_jar_path}</jar>
            <spark-opts>
                --queue ${spark_yarn_queue}
                --executor-memory ${spark_executor_memory}
                --num-executors ${spark_num_executors}
                --executor-cores ${spark_executor_cores}
                --driver-memory ${spark_driver_memory}
                --conf spark.driver.maxResultSize=${spark_driver_max_result_size}
                --conf spark.driver.extraJavaOptions="-Dconfig.file=application.conf"
                --conf spark.executor.extraJavaOptions="-Dconfig.file=application.conf"
                --conf spark.yarn.historyServer.address=${spark_yarn_historyserver_address}
                --conf spark.eventLog.dir=hdfs:///user/spark/applicationHistory
                --conf spark.eventLog.enabled=true
            </spark-opts>
            <arg>--tasks=DimRatingProcessGoaTask</arg>
            <file>${artifact_config_file}</file>
        </spark>
        <ok to="joining2"/>
        <error to="joining2"/>
    </action>

    <action name="submit-DimRegulatoryThirdPartyCategoryGoaTask" cred="hcatauth">
        <spark xmlns="uri:oozie:spark-action:0.2">
            <master>yarn</master>
            <mode>cluster</mode>
            <name>GOA-UV_Dimensions-DimRegulatoryThirdPartyCategoryTask-${datalake_env}</name>
            <class>com.socgen.cft.ars.mcr.datalake.uv.dimensions.RunUVGoaDimensionsTask</class>
            <jar>${spark_jar_path}</jar>
            <spark-opts>
                --queue ${spark_yarn_queue}
                --executor-memory ${spark_executor_memory}
                --num-executors ${spark_num_executors}
                --executor-cores ${spark_executor_cores}
                --driver-memory ${spark_driver_memory}
                --conf spark.driver.maxResultSize=${spark_driver_max_result_size}
                --conf spark.driver.extraJavaOptions="-Dconfig.file=application.conf"
                --conf spark.executor.extraJavaOptions="-Dconfig.file=application.conf"
                --conf spark.yarn.historyServer.address=${spark_yarn_historyserver_address}
                --conf spark.eventLog.dir=hdfs:///user/spark/applicationHistory
                --conf spark.eventLog.enabled=true
            </spark-opts>
            <arg>--tasks=DimRegulatoryThirdPartyCategoryGoaTask</arg>
            <file>${artifact_config_file}</file>
        </spark>
        <ok to="joining2"/>
        <error to="joining2"/>
    </action>

    <action name="submit-DimStructLinkGoaTask" cred="hcatauth">
        <spark xmlns="uri:oozie:spark-action:0.2">
            <master>yarn</master>
            <mode>cluster</mode>
            <name>GOA-UV_Dimensions-DimStructLinkTask-${datalake_env}</name>
            <class>com.socgen.cft.ars.mcr.datalake.uv.dimensions.RunUVGoaDimensionsTask</class>
            <jar>${spark_jar_path}</jar>
            <spark-opts>
                --queue ${spark_yarn_queue}
                --executor-memory ${spark_executor_memory}
                --num-executors ${spark_num_executors}
                --executor-cores ${spark_executor_cores}
                --driver-memory ${spark_driver_memory}
                --conf spark.driver.maxResultSize=${spark_driver_max_result_size}
                --conf spark.driver.extraJavaOptions="-Dconfig.file=application.conf"
                --conf spark.executor.extraJavaOptions="-Dconfig.file=application.conf"
                --conf spark.yarn.historyServer.address=${spark_yarn_historyserver_address}
                --conf spark.eventLog.dir=hdfs:///user/spark/applicationHistory
                --conf spark.eventLog.enabled=true
            </spark-opts>
            <arg>--tasks=DimStructLinkGoaTask</arg>
            <file>${artifact_config_file}</file>
        </spark>
        <ok to="joining2"/>
        <error to="joining2"/>
    </action>

    <action name="submit-DimTypeSureteGoaTask" cred="hcatauth">
        <spark xmlns="uri:oozie:spark-action:0.2">
            <master>yarn</master>
            <mode>cluster</mode>
            <name>GOA-UV_Dimensions-DimTypeSureteTask-${datalake_env}</name>
            <class>com.socgen.cft.ars.mcr.datalake.uv.dimensions.RunUVGoaDimensionsTask</class>
            <jar>${spark_jar_path}</jar>
            <spark-opts>
                --queue ${spark_yarn_queue}
                --executor-memory ${spark_executor_memory}
                --num-executors ${spark_num_executors}
                --executor-cores ${spark_executor_cores}
                --driver-memory ${spark_driver_memory}
                --conf spark.driver.maxResultSize=${spark_driver_max_result_size}
                --conf spark.driver.extraJavaOptions="-Dconfig.file=application.conf"
                --conf spark.executor.extraJavaOptions="-Dconfig.file=application.conf"
                --conf spark.yarn.historyServer.address=${spark_yarn_historyserver_address}
                --conf spark.eventLog.dir=hdfs:///user/spark/applicationHistory
                --conf spark.eventLog.enabled=true
            </spark-opts>
            <arg>--tasks=DimTypeSureteGoaTask</arg>
            <file>${artifact_config_file}</file>
        </spark>
        <ok to="joining2"/>
        <error to="joining2"/>
    </action>

    <!--<join name="joining1" to="joining1"/>-->

    <join name="joining2" to="decision-fork_node-or-send-error-mail"/>
    <decision name="decision-fork_node-or-send-error-mail">
        <switch>
            <case to="send-email-success">${firstNotNull(wf:lastErrorNode(), 'OK') eq 'OK'}</case>
            <default to="send-email-fail"/>
        </switch>
    </decision>


    <action name="send-email-fail">
        <email xmlns="uri:oozie:email-action:0.2">
            <to>${uv_dimensions_mailing_list}</to>
            <subject>[${datalake_env}-Failure] [UV Dimensions] - Email notifications for UV Dimensions</subject>
            <body><![CDATA[
				<html lang="fr">
                <head><meta charset="UTF-8"/></head>
                <style type="text/css">
							.tg  {border-collapse:collapse;border-spacing:0;border-color:#9ABAD9;}
							.tg td{font-family:Arial, sans-serif;font-size:14px;padding:10px 5px;border-style:solid;border-width:1px;overflow:hidden;word-break:normal;border-color:#9ABAD9;color:#444;background-color:#EBF5FF;}
							.tg th{font-family:Arial, sans-serif;font-size:14px;font-weight:normal;padding:10px 5px;border-style:solid;border-width:1px;overflow:hidden;word-break:normal;border-color:#9ABAD9;color:#fff;background-color:#409cff;}
							.tg .tg-7btt{font-weight:bold;border-color:inherit;text-align:center;vertical-align:top}
							.tg .tg-fymr{font-weight:bold;border-color:inherit;text-align:left;vertical-align:top}
							.tg .tg-0pky{border-color:inherit;text-align:left;vertical-align:top}</style>
							<table style="text-align: center" width="100%" border="0" cellspacing="0" cellpadding="0">
		                    <tr>
		                        <td style="padding: 5px 0 0 0;">
		                            <p>The data processing pipeline of UV GOA Dimensions with the situation date of <b>${date}</b> finished with status:<div style="color:#f90000; display: inline;"><b style="font-size:28px;">FAILED</b></div>
                            	</br>
                            <table class="tg" style="margin-left:auto;margin-right:auto;">
								<tr><td><b>ENVIRONMENT</b>                      </td><td>${datalake_env}            </td></tr>
								<tr><td><b>WORKFLOW NAME</b>                    </td><td>${wf:name()}          </td></tr>
			                    <tr><td><b>WORKFLOW ID</b>                      </td><td>${wf:id()}            </td></tr>
			                    <tr><td><b>EXPECTED START TIME OF SPARK APP</b> </td><td>${expectedStartTime}  </td></tr>
			                    <tr><td><b>START TIME OF SPARK APP</b>          </td><td>${actualStartTime}    </td></tr>
			                    <tr><td><b>END TIME OF SPARK APP</b>            </td><td>${timestamp()}        </td></tr>
							</table>
					</table>
					</br>
				</html>
            ]]></body>
            <content_type>text/html;charset=UTF-8</content_type>
        </email>
        <ok to="fail"/>
        <error to="fail"/>
    </action>
    <action name="send-email-success">
        <email xmlns="uri:oozie:email-action:0.2">
            <to>${uv_dimensions_mailing_list}</to>
            <subject>[${datalake_env}-Success] [UV Dimensions] - Email notifications for UV Dimensions</subject>
            <body><![CDATA[
				<html lang="fr">
                <head><meta charset="UTF-8"/></head>
                <style type="text/css">
							.tg  {border-collapse:collapse;border-spacing:0;border-color:#9ABAD9;}
							.tg td{font-family:Arial, sans-serif;font-size:14px;padding:10px 5px;border-style:solid;border-width:1px;overflow:hidden;word-break:normal;border-color:#9ABAD9;color:#444;background-color:#EBF5FF;}
							.tg th{font-family:Arial, sans-serif;font-size:14px;font-weight:normal;padding:10px 5px;border-style:solid;border-width:1px;overflow:hidden;word-break:normal;border-color:#9ABAD9;color:#fff;background-color:#409cff;}
							.tg .tg-7btt{font-weight:bold;border-color:inherit;text-align:center;vertical-align:top}
							.tg .tg-fymr{font-weight:bold;border-color:inherit;text-align:left;vertical-align:top}
							.tg .tg-0pky{border-color:inherit;text-align:left;vertical-align:top}</style>
							<table style="text-align: center" width="100%" border="0" cellspacing="0" cellpadding="0">
		                    <tr>
		                        <td style="padding: 5px 0 0 0;">
		                            <p>The data processing pipeline of UV GOA Dimensions with the situation date of <b>${date}</b> finished with status:<div style="color:#008000; display: inline;"><b style="font-size:28px;">SUCCESS</b></div>
                            	</br>
                            <table class="tg" style="margin-left:auto;margin-right:auto;">
								<tr><td><b>ENVIRONMENT</b>                      </td><td>${datalake_env}            </td></tr>
								<tr><td><b>WORKFLOW NAME</b>                    </td><td>${wf:name()}          </td></tr>
			                    <tr><td><b>WORKFLOW ID</b>                      </td><td>${wf:id()}            </td></tr>
			                    <tr><td><b>EXPECTED START TIME OF SPARK APP</b> </td><td>${expectedStartTime}  </td></tr>
			                    <tr><td><b>START TIME OF SPARK APP</b>          </td><td>${actualStartTime}    </td></tr>
			                    <tr><td><b>END TIME OF SPARK APP</b>            </td><td>${timestamp()}        </td></tr>
							</table>
					</table>
				</html>
            ]]></body>
            <content_type>text/html;charset=UTF-8</content_type>
        </email>
        <ok to="end"/>
        <error to="fail"/>
    </action>

    <kill name="fail">
        <message>
            Action failed, error message[${wf:errorMessage(wf:lastErrorNode())}]
        </message>
    </kill>
    <end name="end"/>
</workflow-app>
