<assembly xmlns="http://maven.apache.org/plugins/maven-assembly-plugin/assembly/1.1.2"
          xmlns:xsi="http://www.w3.org/2001/XMLSchema-instance"
          xsi:schemaLocation="http://maven.apache.org/plugins/maven-assembly-plugin/assembly/1.1.2 http://maven.apache.org/xsd/assembly-1.1.2.xsd">
    <id>bundle</id>

    <formats>
        <format>zip</format>
    </formats>

    <fileSets>
        <fileSet>
            <directory>${project.basedir}/scripts/conf</directory>
            <outputDirectory>conf</outputDirectory>
        </fileSet>
        <fileSet>
            <directory>${project.basedir}/scripts/oozie</directory>
            <outputDirectory>oozie</outputDirectory>
        </fileSet>
    </fileSets>
    <files>
        <file>
            <source>${project.build.directory}/${project.artifactId}-${project.version}-uberjar.jar</source>
            <outputDirectory>spark</outputDirectory>
        </file>
    </files>
</assembly>
