<scalastyle>
  <name>Scalastyle configuration</name>

  <!-- ============================================================================================================= -->
  <!--                                                Rules we enforce                                               -->
  <!-- ============================================================================================================= -->

  <check level="error" class="org.scalastyle.file.FileTabChecker" enabled="true"/>

  <check level="error" class="org.scalastyle.scalariform.SpacesBeforePlusChecker" enabled="true"/>

  <check level="error" class="org.scalastyle.scalariform.SpacesAfterPlusChecker" enabled="true"/>

  <check level="error" class="org.scalastyle.file.WhitespaceEndOfLineChecker" enabled="true"/>

  <check level="error" class="org.scalastyle.file.FileLineLengthChecker" enabled="true">
    <parameters>
      <parameter name="maxLineLength"><![CDATA[120]]></parameter>
      <parameter name="ignoreImports"><![CDATA[true]]></parameter>
    </parameters>
  </check>

  <check level="error" class="org.scalastyle.scalariform.ClassNamesChecker" enabled="true">
    <parameters>
      <parameter name="regex"><![CDATA[^[A-Z][A-Za-z]*$]]></parameter>
    </parameters>
  </check>

  <check level="error" class="org.scalastyle.scalariform.ObjectNamesChecker" enabled="true">
    <parameters>
      <parameter name="regex"><![CDATA[^[A-Z][A-Za-z]*$]]></parameter>
    </parameters>
  </check>

  <check level="error" class="org.scalastyle.scalariform.PackageObjectNamesChecker" enabled="true">
    <parameters>
      <parameter name="regex"><![CDATA[^[a-z][A-Za-z]*$]]></parameter>
    </parameters>
  </check>

  <check level="error" class="org.scalastyle.scalariform.MethodLengthChecker" enabled="true">
    <parameters>
      <parameter name="maxLength"><![CDATA[75]]></parameter>
    </parameters>
  </check>

  <check level="error" class="org.scalastyle.scalariform.MethodNamesChecker" enabled="true">
    <parameters>
      <parameter name="regex"><![CDATA[^[a-z][A-Za-z0-9]*$]]></parameter>
    </parameters>
  </check>

  <check level="error" class="org.scalastyle.scalariform.UppercaseLChecker" enabled="true"/>

  <check level="error" class="org.scalastyle.scalariform.IfBraceChecker" enabled="true">
    <parameters>
      <parameter name="singleLineAllowed"><![CDATA[true]]></parameter>
      <parameter name="doubleLineAllowed"><![CDATA[true]]></parameter>
    </parameters>
  </check>

  <check level="error" class="org.scalastyle.scalariform.PublicMethodsHaveTypeChecker" enabled="true"/>

  <check level="error" class="org.scalastyle.file.NewLineAtEofChecker" enabled="true"/>

  <check level="error" class="org.scalastyle.scalariform.NonASCIICharacterChecker" enabled="true"/>

  <check level="error" class="org.scalastyle.scalariform.SpaceAfterCommentStartChecker" enabled="true"/>

  <check level="error" class="org.scalastyle.scalariform.EnsureSingleSpaceBeforeTokenChecker" enabled="true">
    <parameters>
      <parameter name="tokens">ELSE, TRY, CATCH, FINALLY</parameter>
    </parameters>
  </check>

  <check level="error" class="org.scalastyle.scalariform.EnsureSingleSpaceAfterTokenChecker" enabled="true">
    <parameters>
      <parameter name="tokens">ARROW, EQUALS, COMMA, COLON, IF, ELSE, DO, WHILE, FOR, MATCH, TRY, CATCH, FINALLY, LARROW, RARROW</parameter>
    </parameters>
  </check>

  <check level="error" class="org.scalastyle.scalariform.EqualsHashCodeChecker" enabled="true"/>

  <check level="error" class="org.scalastyle.scalariform.NotImplementedErrorUsage" enabled="true"/>

  <check customId="sparklogging" level="error" class="org.scalastyle.file.RegexChecker" enabled="true">
    <parameters><parameter name="regex">org.apache.spark.Logging</parameter></parameters>
    <customMessage><![CDATA[Do not rely on Spark's Logging trait.]]></customMessage>
  </check>

  <check customId="classforname" level="error" class="org.scalastyle.file.RegexChecker" enabled="true">
    <parameters><parameter name="regex">Class\.forName</parameter></parameters>
    <customMessage><![CDATA[
      Are you sure that you want to use Class.forName? In most cases, you should use Utils.classForName instead.
      If you must use Class.forName, wrap the code block with
      // scalastyle:off classforname
      Class.forName(...)
      // scalastyle:on classforname
    ]]></customMessage>
  </check>

  <check level="error" class="org.scalastyle.scalariform.SimplifyBooleanExpressionChecker" enabled="true"/>

  <check level="error" class="org.scalastyle.scalariform.NoWhitespaceBeforeLeftBracketChecker" enabled="true"/>

  <check level="error" class="org.scalastyle.scalariform.NoWhitespaceAfterLeftBracketChecker" enabled="true"/>

  <!-- We want the opposite of this: NewLineAtEofChecker -->
  <check level="error" class="org.scalastyle.file.NoNewLineAtEofChecker" enabled="false"/>

  <!-- ============================================================================================================= -->
  <!--                                            Rules we shouldn't have                                            -->
  <!-- ============================================================================================================= -->

  <check level="warning" class="org.scalastyle.scalariform.ParameterNumberChecker" enabled="true">
    <parameters>
      <parameter name="maxParameters"><![CDATA[10]]></parameter>
    </parameters>
  </check>

  <check level="warning" class="org.scalastyle.file.FileLengthChecker" enabled="true">
    <parameters>
      <parameter name="maxFileLength"><![CDATA[800]]></parameter>
    </parameters>
  </check>

  <check level="warning" class="org.scalastyle.scalariform.EqualsHashCodeChecker" enabled="true"/>

  <check level="warning" class="org.scalastyle.scalariform.IllegalImportsChecker" enabled="true">
    <parameters>
      <parameter name="illegalImports"><![CDATA[sun._,java.awt._]]></parameter>
    </parameters>
  </check>

  <check level="warning" class="org.scalastyle.scalariform.ReturnChecker" enabled="true"/>

  <check level="warning" class="org.scalastyle.scalariform.NullChecker" enabled="true"/>

  <check level="warning" class="org.scalastyle.scalariform.NoCloneChecker" enabled="true"/>

  <check level="warning" class="org.scalastyle.scalariform.NoFinalizeChecker" enabled="true"/>

  <check level="warning" class="org.scalastyle.scalariform.CovariantEqualsChecker" enabled="true"/>

  <check level="warning" class="org.scalastyle.scalariform.StructuralTypeChecker" enabled="true"/>

  <check level="warning" class="org.scalastyle.file.RegexChecker" enabled="true">
    <parameters>
      <parameter name="regex"><![CDATA[println]]></parameter>
    </parameters>
  </check>

  <check level="warning" class="org.scalastyle.scalariform.NumberOfTypesChecker" enabled="true">
    <parameters>
      <parameter name="maxTypes"><![CDATA[30]]></parameter>
    </parameters>
  </check>

  <check level="warning" class="org.scalastyle.scalariform.CyclomaticComplexityChecker" enabled="true">
    <parameters>
      <parameter name="maximum"><![CDATA[15]]></parameter>
    </parameters>
  </check>

  <check level="warning" class="org.scalastyle.scalariform.NumberOfMethodsInTypeChecker" enabled="true">
    <parameters>
      <parameter name="maxMethods"><![CDATA[30]]></parameter>
    </parameters>
  </check>

  <!-- ============================================================================================================= -->
  <!--                                           Rules we don't care about                                           -->
  <!-- ============================================================================================================= -->

  <!-- We have a lot of magic numbers in unit tests -->
  <check level="warning" class="org.scalastyle.scalariform.MagicNumberChecker" enabled="false">
    <parameters>
      <parameter name="ignore"><![CDATA[-1,0,1,2,3]]></parameter>
    </parameters>
  </check>

</scalastyle>
